<?xml version="1.0" encoding="UTF-8"?>
<project-private xmlns="http://www.netbeans.org/ns/project-private/1">
    <editor-bookmarks xmlns="http://www.netbeans.org/ns/editor-bookmarks/2" lastBookmarkId="0"/>
    <open-files xmlns="http://www.netbeans.org/ns/projectui-open-files/2">
        <group>
            <file>file:/D:/Users/oscar.domalo/Documents/2DAM/Programacion_procesos_servicios/Ejercicio2%20Examen%20PSP%20Supermercado/src/ejercicio2/examen/psp/supermercado/Ejercicio2ExamenPSPSupermercado.java</file>
            <file>file:/D:/Users/oscar.domalo/Documents/2DAM/Programacion_procesos_servicios/Ejercicio2%20Examen%20PSP%20Supermercado/src/ejercicio2/examen/psp/supermercado/Cliente.java</file>
            <file>file:/D:/Users/oscar.domalo/Documents/2DAM/Programacion_procesos_servicios/Ejercicio2%20Examen%20PSP%20Supermercado/src/ejercicio2/examen/psp/supermercado/Empleado.java</file>
            <file>file:/D:/Users/oscar.domalo/Documents/2DAM/Programacion_procesos_servicios/Ejercicio2%20Examen%20PSP%20Supermercado/src/ejercicio2/examen/psp/supermercado/Bandeja.java</file>
        </group>
    </open-files>
</project-private>
